id,firstname,lastname,email,profession
100,Dolli,Schonfeld,Dolli.Schonfeld@yopmail.com,developer
101,Halette,Zina,Halette.Zina@yopmail.com,doctor
102,Aurelie,Stanwood,Aurelie.Stanwood@yopmail.com,firefighter
103,Marleah,Medrek,Marleah.Medrek@yopmail.com,police officer
104,Belinda,Couture,Belinda.Couture@yopmail.com,developer
105,Gerianna,Waite,Gerianna.Waite@yopmail.com,developer
106,Lusa,Reidar,Lusa.Reidar@yopmail.com,worker
107,Helena,Revkah,Helena.Revkah@yopmail.com,police officer
108,Hermione,Georas,Hermione.Georas@yopmail.com,police officer
109,Tina,Yam,Tina.Yam@yopmail.com,worker
110,Maye,Cordi,Maye.Cordi@yopmail.com,police officer
111,Ileana,Durante,Ileana.Durante@yopmail.com,firefighter
112,Ericka,Suanne,Ericka.Suanne@yopmail.com,firefighter
113,Trudie,Liebermann,Trudie.Liebermann@yopmail.com,police officer
114,Stacey,Eliathas,Stacey.Eliathas@yopmail.com,worker
115,Sindee,Bergman,Sindee.Bergman@yopmail.com,worker
116,Siana,Hillel,Siana.Hillel@yopmail.com,developer
117,Clary,Bennie,Clary.Bennie@yopmail.com,worker
118,Jaime,Hamil,Jaime.Hamil@yopmail.com,doctor
119,Corene,Waldron,Corene.Waldron@yopmail.com,police officer
120,Kenna,Naor,Kenna.Naor@yopmail.com,doctor
121,Ethel,Douglass,Ethel.Douglass@yopmail.com,police officer
122,Cyndie,Voletta,Cyndie.Voletta@yopmail.com,firefighter
123,Babita,Tannie,Babita.Tannie@yopmail.com,worker
124,Carmela,Taam,Carmela.Taam@yopmail.com,doctor
125,Leia,Selway,Leia.Selway@yopmail.com,worker
126,Ricky,Tengdin,Ricky.Tengdin@yopmail.com,doctor
127,Ida,Alrich,Ida.Alrich@yopmail.com,firefighter
128,Nita,Noam,Nita.Noam@yopmail.com,worker
129,Abbie,Alwin,Abbie.Alwin@yopmail.com,police officer
130,June,Franza,June.Franza@yopmail.com,firefighter
131,Arlina,Mike,Arlina.Mike@yopmail.com,worker
132,Jan,Crudden,Jan.Crudden@yopmail.com,doctor
133,Kamilah,Swigart,Kamilah.Swigart@yopmail.com,worker
134,Nollie,Roarke,Nollie.Roarke@yopmail.com,developer
135,Amelia,Shields,Amelia.Shields@yopmail.com,developer
136,Kirstin,Papageno,Kirstin.Papageno@yopmail.com,worker
137,Rhoda,Virgin,Rhoda.Virgin@yopmail.com,doctor
138,Lolita,Lamoree,Lolita.Lamoree@yopmail.com,firefighter
139,Annice,Sholley,Annice.Sholley@yopmail.com,developer
140,Leia,Hartnett,Leia.Hartnett@yopmail.com,police officer
141,Lanae,Niles,Lanae.Niles@yopmail.com,doctor
142,Dode,Birdella,Dode.Birdella@yopmail.com,police officer
143,Beatriz,Dermott,Beatriz.Dermott@yopmail.com,developer
144,Brynna,Braun,Brynna.Braun@yopmail.com,developer
145,Mariann,Zaslow,Mariann.Zaslow@yopmail.com,developer
146,Veda,Mozelle,Veda.Mozelle@yopmail.com,developer
147,Arlena,Ashok,Arlena.Ashok@yopmail.com,police officer
148,Fanny,Zuzana,Fanny.Zuzana@yopmail.com,developer
149,Cam,Mott,Cam.Mott@yopmail.com,doctor
150,Bertine,Mitzi,Bertine.Mitzi@yopmail.com,developer
151,Diena,Smitt,Diena.Smitt@yopmail.com,police officer
152,Lily,Gillan,Lily.Gillan@yopmail.com,police officer
153,Nanete,Cristi,Nanete.Cristi@yopmail.com,firefighter
154,Collen,Croix,Collen.Croix@yopmail.com,police officer
155,Livvyy,Erlandson,Livvyy.Erlandson@yopmail.com,developer
156,Marguerite,Maples,Marguerite.Maples@yopmail.com,doctor
157,Ellette,Pelagias,Ellette.Pelagias@yopmail.com,worker
158,Brena,Blase,Brena.Blase@yopmail.com,doctor
159,Cherilyn,Whiffen,Cherilyn.Whiffen@yopmail.com,police officer
160,Kirbee,Magdalen,Kirbee.Magdalen@yopmail.com,developer
161,Jolyn,Jehu,Jolyn.Jehu@yopmail.com,police officer
162,Charissa,Concha,Charissa.Concha@yopmail.com,worker
163,Vivia,Kenwood,Vivia.Kenwood@yopmail.com,doctor
164,Margette,Moina,Margette.Moina@yopmail.com,worker
165,Tiffie,Henrie,Tiffie.Henrie@yopmail.com,doctor
166,Hyacinthe,Adrienne,Hyacinthe.Adrienne@yopmail.com,doctor
167,Ardys,Kare,Ardys.Kare@yopmail.com,developer
168,Marcelline,Terencio,Marcelline.Terencio@yopmail.com,worker
169,Goldie,Granoff,Goldie.Granoff@yopmail.com,firefighter
170,Dacia,Lubin,Dacia.Lubin@yopmail.com,police officer
171,Rozele,Donoghue,Rozele.Donoghue@yopmail.com,police officer
172,Ariela,Bouchard,Ariela.Bouchard@yopmail.com,doctor
173,Christal,Stoller,Christal.Stoller@yopmail.com,firefighter
174,Rhea,Pandolfi,Rhea.Pandolfi@yopmail.com,developer
175,Kirstin,Noelyn,Kirstin.Noelyn@yopmail.com,firefighter
176,Lesly,Sinegold,Lesly.Sinegold@yopmail.com,developer
177,Sadie,Ephrem,Sadie.Ephrem@yopmail.com,worker
178,Nonnah,Wandie,Nonnah.Wandie@yopmail.com,doctor
179,Andeee,Seligman,Andeee.Seligman@yopmail.com,developer
180,Allyce,Madox,Allyce.Madox@yopmail.com,worker
181,Ida,Means,Ida.Means@yopmail.com,worker
182,Tabbatha,Kirstin,Tabbatha.Kirstin@yopmail.com,worker
183,Merci,Atonsah,Merci.Atonsah@yopmail.com,developer
184,Zsa Zsa,Sundin,Zsa Zsa.Sundin@yopmail.com,worker
185,Ericka,Hillel,Ericka.Hillel@yopmail.com,worker
186,Lacie,Tippets,Lacie.Tippets@yopmail.com,police officer
187,Alisha,Croix,Alisha.Croix@yopmail.com,worker
188,Wynne,Redmond,Wynne.Redmond@yopmail.com,police officer
189,Kaja,Ricki,Kaja.Ricki@yopmail.com,worker
190,Susan,Gabrielli,Susan.Gabrielli@yopmail.com,developer
191,Kristan,Buttaro,Kristan.Buttaro@yopmail.com,worker
192,Chloris,Tice,Chloris.Tice@yopmail.com,police officer
193,Robbi,Whittaker,Robbi.Whittaker@yopmail.com,doctor
194,Gretal,Maiah,Gretal.Maiah@yopmail.com,developer
195,Alex,Hazlett,Alex.Hazlett@yopmail.com,firefighter
196,Ronna,Bandeen,Ronna.Bandeen@yopmail.com,developer
197,Shell,MacIntosh,Shell.MacIntosh@yopmail.com,doctor
198,Imojean,Emmaline,Imojean.Emmaline@yopmail.com,developer
199,Sharlene,Lacombe,Sharlene.Lacombe@yopmail.com,police officer
200,Libbie,Fulmer,Libbie.Fulmer@yopmail.com,doctor
201,Karina,Rhu,Karina.Rhu@yopmail.com,developer
202,Cassandra,Pandolfi,Cassandra.Pandolfi@yopmail.com,developer
203,Cassondra,Guthrie,Cassondra.Guthrie@yopmail.com,police officer
204,Amelia,Gilmour,Amelia.Gilmour@yopmail.com,developer
205,Gabriellia,Bonucci,Gabriellia.Bonucci@yopmail.com,police officer
206,Cristine,Tamar,Cristine.Tamar@yopmail.com,worker
207,Alia,Malina,Alia.Malina@yopmail.com,police officer
208,Elora,Viddah,Elora.Viddah@yopmail.com,developer
209,Korrie,Lutero,Korrie.Lutero@yopmail.com,firefighter
210,Sarette,Merat,Sarette.Merat@yopmail.com,developer
211,Marnia,Nahum,Marnia.Nahum@yopmail.com,doctor
212,Deedee,Felecia,Deedee.Felecia@yopmail.com,police officer
213,Annabela,Keily,Annabela.Keily@yopmail.com,firefighter
214,Elise,Emmaline,Elise.Emmaline@yopmail.com,firefighter
215,Nonnah,Neils,Nonnah.Neils@yopmail.com,developer
216,Jaime,Vacuva,Jaime.Vacuva@yopmail.com,firefighter
217,Joelly,Nester,Joelly.Nester@yopmail.com,firefighter
218,Quintina,Cristi,Quintina.Cristi@yopmail.com,firefighter
219,Emelina,Remmer,Emelina.Remmer@yopmail.com,firefighter
220,Jan,Quent,Jan.Quent@yopmail.com,doctor
221,Janey,Olympium,Janey.Olympium@yopmail.com,developer
222,Regina,Bahr,Regina.Bahr@yopmail.com,developer
223,Juliane,Marden,Juliane.Marden@yopmail.com,police officer
224,Ada,Kolnick,Ada.Kolnick@yopmail.com,developer
225,Clementine,Raama,Clementine.Raama@yopmail.com,developer
226,Andree,Carri,Andree.Carri@yopmail.com,firefighter
227,Caryl,Stav,Caryl.Stav@yopmail.com,firefighter
228,Consuela,Sidonius,Consuela.Sidonius@yopmail.com,firefighter
229,Gratia,Ade,Gratia.Ade@yopmail.com,firefighter
230,Grier,Toni,Grier.Toni@yopmail.com,doctor
231,Pollyanna,Fry,Pollyanna.Fry@yopmail.com,developer
232,Mahalia,Joeann,Mahalia.Joeann@yopmail.com,doctor
233,Lanae,Rese,Lanae.Rese@yopmail.com,worker
234,Roxane,Rossner,Roxane.Rossner@yopmail.com,firefighter
235,Veda,Stanwood,Veda.Stanwood@yopmail.com,developer
236,Rosene,Gaal,Rosene.Gaal@yopmail.com,developer
237,Ellette,Pip,Ellette.Pip@yopmail.com,worker
238,Margarette,Serilda,Margarette.Serilda@yopmail.com,worker
239,Judy,Belanger,Judy.Belanger@yopmail.com,firefighter
240,Pierette,Sammons,Pierette.Sammons@yopmail.com,worker
241,Aaren,Lasley,Aaren.Lasley@yopmail.com,worker
242,Tani,Juan,Tani.Juan@yopmail.com,developer
243,Trixi,Vilma,Trixi.Vilma@yopmail.com,doctor
244,Nessie,Kannry,Nessie.Kannry@yopmail.com,worker
245,Nanete,Winnick,Nanete.Winnick@yopmail.com,worker
246,Madeleine,Jerold,Madeleine.Jerold@yopmail.com,developer
247,Maisey,Libna,Maisey.Libna@yopmail.com,worker
248,Pierette,Denis,Pierette.Denis@yopmail.com,developer
249,Berget,Wilona,Berget.Wilona@yopmail.com,doctor
250,Kore,Gabrielli,Kore.Gabrielli@yopmail.com,police officer
251,Hollie,Norvol,Hollie.Norvol@yopmail.com,police officer
252,Jere,Tremayne,Jere.Tremayne@yopmail.com,firefighter
253,Margette,Fairweather,Margette.Fairweather@yopmail.com,police officer
254,Tera,Bartlett,Tera.Bartlett@yopmail.com,doctor
255,Kirstin,Geffner,Kirstin.Geffner@yopmail.com,doctor
256,Karolina,Guildroy,Karolina.Guildroy@yopmail.com,developer
257,Lanae,Ledah,Lanae.Ledah@yopmail.com,police officer
258,Annora,Tamsky,Annora.Tamsky@yopmail.com,firefighter
259,Lanna,Hieronymus,Lanna.Hieronymus@yopmail.com,police officer
260,Judy,Ralfston,Judy.Ralfston@yopmail.com,worker
261,Sara-Ann,Paton,Sara-Ann.Paton@yopmail.com,worker
262,Atlanta,Quent,Atlanta.Quent@yopmail.com,doctor
263,Tori,Stelle,Tori.Stelle@yopmail.com,firefighter
264,Drucie,Pacorro,Drucie.Pacorro@yopmail.com,worker
265,Dominga,Arne,Dominga.Arne@yopmail.com,developer
266,Ricky,Michella,Ricky.Michella@yopmail.com,worker
267,Donnie,Sacken,Donnie.Sacken@yopmail.com,worker
268,Xylina,Cloris,Xylina.Cloris@yopmail.com,doctor
269,Paola,Goth,Paola.Goth@yopmail.com,worker
270,Adele,Stuart,Adele.Stuart@yopmail.com,worker
271,Elmira,Carolin,Elmira.Carolin@yopmail.com,developer
272,Tina,Vorster,Tina.Vorster@yopmail.com,police officer
273,Zia,Winthorpe,Zia.Winthorpe@yopmail.com,police officer
274,Annora,Sprage,Annora.Sprage@yopmail.com,doctor
275,Liana,Geffner,Liana.Geffner@yopmail.com,developer
276,Mamie,Swanhildas,Mamie.Swanhildas@yopmail.com,police officer
277,Lucille,Seligman,Lucille.Seligman@yopmail.com,police officer
278,Raina,Schalles,Raina.Schalles@yopmail.com,worker
279,Mariann,Yuille,Mariann.Yuille@yopmail.com,worker
280,Kittie,Xerxes,Kittie.Xerxes@yopmail.com,firefighter
281,Nessie,Grimbly,Nessie.Grimbly@yopmail.com,worker
282,Lita,Nore,Lita.Nore@yopmail.com,developer
283,Mignon,Amethist,Mignon.Amethist@yopmail.com,police officer
284,Ebonee,Leler,Ebonee.Leler@yopmail.com,firefighter
285,Gavrielle,Parsaye,Gavrielle.Parsaye@yopmail.com,police officer
286,Gwyneth,Bates,Gwyneth.Bates@yopmail.com,firefighter
287,Frank,Chabot,Frank.Chabot@yopmail.com,firefighter
288,Elmira,Wandie,Elmira.Wandie@yopmail.com,police officer
289,Renae,Albertine,Renae.Albertine@yopmail.com,developer
290,Cathyleen,Anton,Cathyleen.Anton@yopmail.com,firefighter
291,Valli,Yoko,Valli.Yoko@yopmail.com,firefighter
292,Bernie,Silvan,Bernie.Silvan@yopmail.com,worker
293,Genovera,Cadmar,Genovera.Cadmar@yopmail.com,firefighter
294,Nikki,Haymes,Nikki.Haymes@yopmail.com,developer
295,Carmela,Annice,Carmela.Annice@yopmail.com,developer
296,Daryl,Phi,Daryl.Phi@yopmail.com,police officer
297,Therine,Gabrielli,Therine.Gabrielli@yopmail.com,worker
298,Kerrin,Maisey,Kerrin.Maisey@yopmail.com,developer
299,Arlina,Hedve,Arlina.Hedve@yopmail.com,developer
300,Sissy,Agle,Sissy.Agle@yopmail.com,firefighter
301,Joceline,Gunn,Joceline.Gunn@yopmail.com,police officer
302,Lizzie,Monk,Lizzie.Monk@yopmail.com,doctor
303,Kirbee,Velick,Kirbee.Velick@yopmail.com,worker
304,Marinna,Dowski,Marinna.Dowski@yopmail.com,developer
305,Betta,Larochelle,Betta.Larochelle@yopmail.com,firefighter
306,Stevana,Mozelle,Stevana.Mozelle@yopmail.com,developer
307,Karina,Sholley,Karina.Sholley@yopmail.com,worker
308,Cherrita,Vacuva,Cherrita.Vacuva@yopmail.com,doctor
309,Kaja,Warthman,Kaja.Warthman@yopmail.com,police officer
310,Jasmina,Corrine,Jasmina.Corrine@yopmail.com,police officer
311,Katharina,Connelly,Katharina.Connelly@yopmail.com,worker
312,Latisha,Franza,Latisha.Franza@yopmail.com,firefighter
313,Marika,Center,Marika.Center@yopmail.com,doctor
314,Janeczka,Natalia,Janeczka.Natalia@yopmail.com,doctor
315,Randa,Justinn,Randa.Justinn@yopmail.com,worker
316,Penelopa,Diogenes,Penelopa.Diogenes@yopmail.com,doctor
317,Kathy,Lalitta,Kathy.Lalitta@yopmail.com,doctor
318,Darci,Pond,Darci.Pond@yopmail.com,developer
319,Carilyn,Alisia,Carilyn.Alisia@yopmail.com,police officer
320,Kerrin,Voletta,Kerrin.Voletta@yopmail.com,worker
321,Sam,Ingra,Sam.Ingra@yopmail.com,developer
322,Maryellen,Judye,Maryellen.Judye@yopmail.com,firefighter
323,Eadie,Henrie,Eadie.Henrie@yopmail.com,police officer
324,Cristabel,Jehu,Cristabel.Jehu@yopmail.com,developer
325,Thalia,Jaylene,Thalia.Jaylene@yopmail.com,developer
326,Vonny,Wareing,Vonny.Wareing@yopmail.com,police officer
327,Theodora,Uird,Theodora.Uird@yopmail.com,police officer
328,Aurelie,Cohdwell,Aurelie.Cohdwell@yopmail.com,worker
329,Patricia,Kevon,Patricia.Kevon@yopmail.com,developer
330,Madeleine,Sparhawk,Madeleine.Sparhawk@yopmail.com,police officer
331,Sonni,Fax,Sonni.Fax@yopmail.com,police officer
332,Edith,Eckblad,Edith.Eckblad@yopmail.com,developer
333,Vere,Craggie,Vere.Craggie@yopmail.com,developer
334,Myriam,Rogerio,Myriam.Rogerio@yopmail.com,doctor
335,Trudie,Glenden,Trudie.Glenden@yopmail.com,police officer
336,Dale,Karl,Dale.Karl@yopmail.com,doctor
337,Evaleen,Ferino,Evaleen.Ferino@yopmail.com,firefighter
338,Lynde,Lindemann,Lynde.Lindemann@yopmail.com,doctor
339,Emma,Munn,Emma.Munn@yopmail.com,firefighter
340,Carol-Jean,Kussell,Carol-Jean.Kussell@yopmail.com,firefighter
341,Ardeen,Glenden,Ardeen.Glenden@yopmail.com,developer
342,Amara,Maxi,Amara.Maxi@yopmail.com,developer
343,Di,Nunci,Di.Nunci@yopmail.com,doctor
344,Cassondra,Gerge,Cassondra.Gerge@yopmail.com,firefighter
345,Audrie,Maples,Audrie.Maples@yopmail.com,doctor
346,Kelly,McAdams,Kelly.McAdams@yopmail.com,doctor
347,Kimmy,Kazimir,Kimmy.Kazimir@yopmail.com,developer
348,Lynnea,Bury,Lynnea.Bury@yopmail.com,police officer
349,Elfreda,Codding,Elfreda.Codding@yopmail.com,firefighter
350,Amalie,Obed,Amalie.Obed@yopmail.com,police officer
351,Jorry,Smitt,Jorry.Smitt@yopmail.com,police officer
352,Fanny,Seessel,Fanny.Seessel@yopmail.com,doctor
353,Carolina,Lalitta,Carolina.Lalitta@yopmail.com,doctor
354,Ketti,Tybald,Ketti.Tybald@yopmail.com,police officer
355,Karolina,Lowry,Karolina.Lowry@yopmail.com,firefighter
356,Lesly,Maribeth,Lesly.Maribeth@yopmail.com,developer
357,Genevra,Kiersten,Genevra.Kiersten@yopmail.com,firefighter
358,Tamqrah,Weinreb,Tamqrah.Weinreb@yopmail.com,doctor
359,Selia,Kesley,Selia.Kesley@yopmail.com,doctor
360,Aurore,Eldrid,Aurore.Eldrid@yopmail.com,worker
361,Netty,O'Neill,Netty.O'Neill@yopmail.com,firefighter
362,Elie,Brackely,Elie.Brackely@yopmail.com,developer
363,Lonnie,Rebecka,Lonnie.Rebecka@yopmail.com,worker
364,Ninnetta,Couture,Ninnetta.Couture@yopmail.com,doctor
365,Layla,Eckblad,Layla.Eckblad@yopmail.com,developer
366,Lorenza,Faso,Lorenza.Faso@yopmail.com,firefighter
367,Heddie,Quent,Heddie.Quent@yopmail.com,police officer
368,Frances,Trey,Frances.Trey@yopmail.com,doctor
369,Kylynn,Sheng,Kylynn.Sheng@yopmail.com,doctor
370,Dione,Fredi,Dione.Fredi@yopmail.com,police officer
371,Carly,Bryna,Carly.Bryna@yopmail.com,developer
372,Doralynne,Lacombe,Doralynne.Lacombe@yopmail.com,worker
373,Aeriela,Flyn,Aeriela.Flyn@yopmail.com,developer
374,Quintina,Nore,Quintina.Nore@yopmail.com,developer
375,Judy,Olin,Judy.Olin@yopmail.com,developer
376,Delilah,Vacuva,Delilah.Vacuva@yopmail.com,firefighter
377,Stevana,Therine,Stevana.Therine@yopmail.com,developer
378,Rosabelle,Telfer,Rosabelle.Telfer@yopmail.com,worker
379,Kenna,Cleo,Kenna.Cleo@yopmail.com,worker
380,Lilith,Tillford,Lilith.Tillford@yopmail.com,doctor
381,Gertrud,Plato,Gertrud.Plato@yopmail.com,police officer
382,Vinita,Horan,Vinita.Horan@yopmail.com,police officer
383,Sissy,Cornelia,Sissy.Cornelia@yopmail.com,doctor
384,Melina,Adlare,Melina.Adlare@yopmail.com,firefighter
385,Elmira,Tryck,Elmira.Tryck@yopmail.com,doctor
386,Jessamyn,Suk,Jessamyn.Suk@yopmail.com,firefighter
387,Reeba,Maurine,Reeba.Maurine@yopmail.com,police officer
388,Lenna,Redmond,Lenna.Redmond@yopmail.com,doctor
389,Brynna,Ader,Brynna.Ader@yopmail.com,worker
390,Belva,Jagir,Belva.Jagir@yopmail.com,worker
391,Concettina,Yoko,Concettina.Yoko@yopmail.com,firefighter
392,Kimberley,Annice,Kimberley.Annice@yopmail.com,doctor
393,Marline,Buffum,Marline.Buffum@yopmail.com,worker
394,Florencia,Dex,Florencia.Dex@yopmail.com,police officer
395,Dennie,Poppy,Dennie.Poppy@yopmail.com,firefighter
396,Bettine,Skell,Bettine.Skell@yopmail.com,firefighter
397,Tami,Brieta,Tami.Brieta@yopmail.com,developer
398,Hallie,Smitt,Hallie.Smitt@yopmail.com,developer
399,Carol-Jean,Hirsch,Carol-Jean.Hirsch@yopmail.com,developer
400,Dyann,Si,Dyann.Si@yopmail.com,doctor
401,Andeee,Ilka,Andeee.Ilka@yopmail.com,worker
402,Nerta,Cynar,Nerta.Cynar@yopmail.com,police officer
403,Sidoney,Thema,Sidoney.Thema@yopmail.com,worker
404,Dacia,Voletta,Dacia.Voletta@yopmail.com,firefighter
405,Korrie,Elephus,Korrie.Elephus@yopmail.com,worker
406,Georgetta,Judye,Georgetta.Judye@yopmail.com,worker
407,Phylis,Levey,Phylis.Levey@yopmail.com,police officer
408,Heddie,Clywd,Heddie.Clywd@yopmail.com,worker
409,June,Ogren,June.Ogren@yopmail.com,police officer
410,Courtnay,An,Courtnay.An@yopmail.com,worker
411,Sheelagh,An,Sheelagh.An@yopmail.com,police officer
412,Rochette,Vale,Rochette.Vale@yopmail.com,developer
413,Jackie,Marisa,Jackie.Marisa@yopmail.com,police officer
414,Nyssa,Clywd,Nyssa.Clywd@yopmail.com,worker
415,Jenilee,Nisbet,Jenilee.Nisbet@yopmail.com,doctor
416,Hayley,Mehalek,Hayley.Mehalek@yopmail.com,doctor
417,Annabela,Ilka,Annabela.Ilka@yopmail.com,police officer
418,Ketti,Lea,Ketti.Lea@yopmail.com,worker
419,Sibella,Rona,Sibella.Rona@yopmail.com,police officer
420,Jaclyn,Hertzfeld,Jaclyn.Hertzfeld@yopmail.com,police officer
421,Audrie,Evangelia,Audrie.Evangelia@yopmail.com,doctor
422,Allis,Kermit,Allis.Kermit@yopmail.com,worker
423,Meg,Zuzana,Meg.Zuzana@yopmail.com,developer
424,Randa,Pyle,Randa.Pyle@yopmail.com,worker
425,Cherilyn,Grosz,Cherilyn.Grosz@yopmail.com,firefighter
426,Sabina,Louanna,Sabina.Louanna@yopmail.com,police officer
427,Quintina,Lumbard,Quintina.Lumbard@yopmail.com,firefighter
428,Talya,Publia,Talya.Publia@yopmail.com,police officer
429,Doro,Zuzana,Doro.Zuzana@yopmail.com,developer
430,Brooks,Belanger,Brooks.Belanger@yopmail.com,developer
431,Hyacinthe,Cutlerr,Hyacinthe.Cutlerr@yopmail.com,police officer
432,Alie,Ailyn,Alie.Ailyn@yopmail.com,firefighter
433,Kaja,Ricarda,Kaja.Ricarda@yopmail.com,police officer
434,Nariko,Muriel,Nariko.Muriel@yopmail.com,worker
435,Pearline,Tengdin,Pearline.Tengdin@yopmail.com,doctor
436,Margette,Jobi,Margette.Jobi@yopmail.com,police officer
437,Yvonne,Elbertina,Yvonne.Elbertina@yopmail.com,doctor
438,Randa,Martguerita,Randa.Martguerita@yopmail.com,doctor
439,Lilith,Cherianne,Lilith.Cherianne@yopmail.com,worker
440,Charissa,Stoller,Charissa.Stoller@yopmail.com,firefighter
441,Alejandra,Weitman,Alejandra.Weitman@yopmail.com,firefighter
442,Ginnie,Zamora,Ginnie.Zamora@yopmail.com,police officer
443,Vivia,Israeli,Vivia.Israeli@yopmail.com,firefighter
444,Hermione,Verger,Hermione.Verger@yopmail.com,developer
445,Halette,Dearborn,Halette.Dearborn@yopmail.com,police officer
446,Esmeralda,Roumell,Esmeralda.Roumell@yopmail.com,worker
447,Catrina,Hirsch,Catrina.Hirsch@yopmail.com,worker
448,Alejandra,Idelia,Alejandra.Idelia@yopmail.com,worker
449,Carol-Jean,Means,Carol-Jean.Means@yopmail.com,firefighter
450,Aili,Corilla,Aili.Corilla@yopmail.com,worker
451,Deane,Pearse,Deane.Pearse@yopmail.com,firefighter
452,Hayley,Nadia,Hayley.Nadia@yopmail.com,worker
453,Vonny,Podvin,Vonny.Podvin@yopmail.com,firefighter
454,Hayley,Lamoree,Hayley.Lamoree@yopmail.com,worker
455,Kassey,Sabella,Kassey.Sabella@yopmail.com,doctor
456,Feliza,Woodberry,Feliza.Woodberry@yopmail.com,developer
457,Karly,Adrienne,Karly.Adrienne@yopmail.com,developer
458,Karena,Wareing,Karena.Wareing@yopmail.com,police officer
459,Elmira,Ivens,Elmira.Ivens@yopmail.com,police officer
460,Elena,Andrel,Elena.Andrel@yopmail.com,doctor
461,Trixi,Even,Trixi.Even@yopmail.com,developer
462,Emelina,Whiffen,Emelina.Whiffen@yopmail.com,doctor
463,Frank,Delila,Frank.Delila@yopmail.com,developer
464,Gabriellia,Elvyn,Gabriellia.Elvyn@yopmail.com,worker
465,Carmela,Pillsbury,Carmela.Pillsbury@yopmail.com,police officer
466,Kimberley,Carleen,Kimberley.Carleen@yopmail.com,doctor
467,Malina,Podvin,Malina.Podvin@yopmail.com,worker
468,Kate,Sharl,Kate.Sharl@yopmail.com,police officer
469,Joceline,Bonilla,Joceline.Bonilla@yopmail.com,worker
470,Maye,Penelopa,Maye.Penelopa@yopmail.com,firefighter
471,Korrie,Kannry,Korrie.Kannry@yopmail.com,firefighter
472,Amara,Shuler,Amara.Shuler@yopmail.com,police officer
473,Madeleine,Mozelle,Madeleine.Mozelle@yopmail.com,developer
474,Alameda,Shields,Alameda.Shields@yopmail.com,developer
475,Shauna,Gibbeon,Shauna.Gibbeon@yopmail.com,police officer
476,Celene,Mozelle,Celene.Mozelle@yopmail.com,developer
477,Anallese,Romelda,Anallese.Romelda@yopmail.com,worker
478,Calla,Shama,Calla.Shama@yopmail.com,worker
479,Bobinette,Isacco,Bobinette.Isacco@yopmail.com,worker
480,Donnie,Adamsen,Donnie.Adamsen@yopmail.com,police officer
481,Dominga,Presber,Dominga.Presber@yopmail.com,developer
482,Daphne,Dom,Daphne.Dom@yopmail.com,doctor
483,Jillayne,Ammann,Jillayne.Ammann@yopmail.com,doctor
484,Orsola,Sparhawk,Orsola.Sparhawk@yopmail.com,doctor
485,Ayn,Kress,Ayn.Kress@yopmail.com,worker
486,Jenilee,Narton,Jenilee.Narton@yopmail.com,firefighter
487,Leeanne,Isacco,Leeanne.Isacco@yopmail.com,doctor
488,Fanchon,Chem,Fanchon.Chem@yopmail.com,firefighter
489,Perry,Xerxes,Perry.Xerxes@yopmail.com,police officer
490,Eve,Loeb,Eve.Loeb@yopmail.com,worker
491,Heida,Neva,Heida.Neva@yopmail.com,doctor
492,Sarette,Argus,Sarette.Argus@yopmail.com,worker
493,Kenna,Luhe,Kenna.Luhe@yopmail.com,worker
494,Mamie,Ammann,Mamie.Ammann@yopmail.com,developer
495,Jenilee,Loring,Jenilee.Loring@yopmail.com,police officer
496,Adriana,Knowling,Adriana.Knowling@yopmail.com,firefighter
497,Cacilie,Martguerita,Cacilie.Martguerita@yopmail.com,worker
498,Basia,Lea,Basia.Lea@yopmail.com,doctor
499,Anallese,Sibyls,Anallese.Sibyls@yopmail.com,developer
500,Ira,Lemuela,Ira.Lemuela@yopmail.com,doctor
501,Cyb,Maroney,Cyb.Maroney@yopmail.com,firefighter
502,Kamilah,Abernon,Kamilah.Abernon@yopmail.com,developer
503,Beatriz,Marlie,Beatriz.Marlie@yopmail.com,developer
504,Britte,Thema,Britte.Thema@yopmail.com,police officer
505,Korrie,Stacy,Korrie.Stacy@yopmail.com,developer
506,Rubie,Jalbert,Rubie.Jalbert@yopmail.com,developer
507,Marline,Juliet,Marline.Juliet@yopmail.com,doctor
508,Aimil,Huggins,Aimil.Huggins@yopmail.com,worker
509,Ardenia,Fabiola,Ardenia.Fabiola@yopmail.com,firefighter
510,Corene,Voletta,Corene.Voletta@yopmail.com,developer
511,Elvira,Imelida,Elvira.Imelida@yopmail.com,police officer
512,Roxane,Fontana,Roxane.Fontana@yopmail.com,firefighter
513,Quintina,Tamar,Quintina.Tamar@yopmail.com,developer
514,Mady,Elephus,Mady.Elephus@yopmail.com,police officer
515,Vonny,Grosz,Vonny.Grosz@yopmail.com,police officer
516,Dolli,Kendrick,Dolli.Kendrick@yopmail.com,police officer
517,Alyssa,Flyn,Alyssa.Flyn@yopmail.com,worker
518,Johna,Bonucci,Johna.Bonucci@yopmail.com,doctor
519,Peri,Annabella,Peri.Annabella@yopmail.com,doctor
520,Livvyy,Gladstone,Livvyy.Gladstone@yopmail.com,worker
521,Xylina,Freddi,Xylina.Freddi@yopmail.com,developer
522,Nonnah,Rheingold,Nonnah.Rheingold@yopmail.com,police officer
523,Marleah,Hartnett,Marleah.Hartnett@yopmail.com,developer
524,Raina,Daniele,Raina.Daniele@yopmail.com,worker
525,Janis,Ursulette,Janis.Ursulette@yopmail.com,firefighter
526,Lexine,Randene,Lexine.Randene@yopmail.com,firefighter
527,Andeee,Cloris,Andeee.Cloris@yopmail.com,developer
528,Ermengarde,Marsden,Ermengarde.Marsden@yopmail.com,worker
529,Ulrike,Colleen,Ulrike.Colleen@yopmail.com,police officer
530,Zondra,Krystle,Zondra.Krystle@yopmail.com,doctor
531,Myriam,Wind,Myriam.Wind@yopmail.com,police officer
532,Dacia,Wesle,Dacia.Wesle@yopmail.com,developer
533,Jsandye,Sholley,Jsandye.Sholley@yopmail.com,developer
534,Amalie,Lay,Amalie.Lay@yopmail.com,doctor
535,Selma,Hailee,Selma.Hailee@yopmail.com,firefighter
536,Magdalena,Schlosser,Magdalena.Schlosser@yopmail.com,developer
537,Elfreda,Krystle,Elfreda.Krystle@yopmail.com,firefighter
538,Vonny,Erlandson,Vonny.Erlandson@yopmail.com,doctor
539,Lynea,Edmund,Lynea.Edmund@yopmail.com,doctor
540,Sheree,Erskine,Sheree.Erskine@yopmail.com,developer
541,Marylou,Jalbert,Marylou.Jalbert@yopmail.com,developer
542,Constance,Fontana,Constance.Fontana@yopmail.com,developer
543,Daryl,Erb,Daryl.Erb@yopmail.com,developer
544,Andeee,Mehalek,Andeee.Mehalek@yopmail.com,doctor
545,Gui,Vastah,Gui.Vastah@yopmail.com,worker
546,Halette,Blase,Halette.Blase@yopmail.com,worker
547,Bettine,Hathaway,Bettine.Hathaway@yopmail.com,worker
548,Nita,Baptlsta,Nita.Baptlsta@yopmail.com,firefighter
549,Alameda,Gaspard,Alameda.Gaspard@yopmail.com,developer
550,Kial,Hurley,Kial.Hurley@yopmail.com,doctor
551,Vevay,Sinegold,Vevay.Sinegold@yopmail.com,firefighter
552,Vonny,Llovera,Vonny.Llovera@yopmail.com,worker
553,Leia,Jarib,Leia.Jarib@yopmail.com,developer
554,Rozele,Sharl,Rozele.Sharl@yopmail.com,worker
555,Magdalena,Natalia,Magdalena.Natalia@yopmail.com,developer
556,Tina,Skell,Tina.Skell@yopmail.com,worker
557,Catharine,Nickola,Catharine.Nickola@yopmail.com,developer
558,Oralee,Allina,Oralee.Allina@yopmail.com,firefighter
559,Camile,Christine,Camile.Christine@yopmail.com,developer
560,Carolina,Tamar,Carolina.Tamar@yopmail.com,developer
561,Lonnie,Swanhildas,Lonnie.Swanhildas@yopmail.com,doctor
562,Zia,Gualtiero,Zia.Gualtiero@yopmail.com,doctor
563,Tori,Anyah,Tori.Anyah@yopmail.com,developer
564,Gavrielle,Sinegold,Gavrielle.Sinegold@yopmail.com,doctor
565,Chrystel,Felecia,Chrystel.Felecia@yopmail.com,developer
566,Dari,Stephie,Dari.Stephie@yopmail.com,firefighter
567,Frank,Diann,Frank.Diann@yopmail.com,worker
568,Blondelle,Parette,Blondelle.Parette@yopmail.com,firefighter
569,Harmonia,Callista,Harmonia.Callista@yopmail.com,worker
570,Wileen,Raychel,Wileen.Raychel@yopmail.com,firefighter
571,Lucy,Penelopa,Lucy.Penelopa@yopmail.com,doctor
572,Cristine,Luhe,Cristine.Luhe@yopmail.com,doctor
573,Silvana,Zamora,Silvana.Zamora@yopmail.com,firefighter
574,Dolli,Gale,Dolli.Gale@yopmail.com,developer
575,Hannis,Voletta,Hannis.Voletta@yopmail.com,developer
576,Taffy,Fabiola,Taffy.Fabiola@yopmail.com,worker
577,Katharina,Tryck,Katharina.Tryck@yopmail.com,police officer
578,Dorene,Chrystel,Dorene.Chrystel@yopmail.com,developer
579,Ann-Marie,Wandie,Ann-Marie.Wandie@yopmail.com,developer
580,Caressa,Wiener,Caressa.Wiener@yopmail.com,doctor
581,Blake,Constancy,Blake.Constancy@yopmail.com,doctor
582,Blinni,Malanie,Blinni.Malanie@yopmail.com,worker
583,Rubie,Amethist,Rubie.Amethist@yopmail.com,doctor
584,Etta,Podvin,Etta.Podvin@yopmail.com,developer
585,Vere,Gillan,Vere.Gillan@yopmail.com,doctor
586,Jordan,Gale,Jordan.Gale@yopmail.com,worker
587,Lanae,Alice,Lanae.Alice@yopmail.com,worker
588,Lynnea,Sadowski,Lynnea.Sadowski@yopmail.com,police officer
589,Donnie,Cosenza,Donnie.Cosenza@yopmail.com,worker
590,Aaren,Maiah,Aaren.Maiah@yopmail.com,worker
591,Yetty,Ilka,Yetty.Ilka@yopmail.com,doctor
592,Brynna,Granoff,Brynna.Granoff@yopmail.com,firefighter
593,Sabina,Goldina,Sabina.Goldina@yopmail.com,doctor
594,Almeta,Belanger,Almeta.Belanger@yopmail.com,doctor
595,Alisha,Corilla,Alisha.Corilla@yopmail.com,worker
596,Elvira,Alwin,Elvira.Alwin@yopmail.com,doctor
597,Rubie,Melleta,Rubie.Melleta@yopmail.com,firefighter
598,Kathi,Norvol,Kathi.Norvol@yopmail.com,worker
599,Norine,Bebe,Norine.Bebe@yopmail.com,police officer
600,Robbi,Dalli,Robbi.Dalli@yopmail.com,worker
601,Harrietta,Schlosser,Harrietta.Schlosser@yopmail.com,worker
602,Shell,Alarise,Shell.Alarise@yopmail.com,police officer
603,Benita,Lorain,Benita.Lorain@yopmail.com,firefighter
604,Atlanta,Simmonds,Atlanta.Simmonds@yopmail.com,worker
605,Bernardine,Leifeste,Bernardine.Leifeste@yopmail.com,doctor
606,Florencia,Carbo,Florencia.Carbo@yopmail.com,worker
607,Sherrie,Lauraine,Sherrie.Lauraine@yopmail.com,developer
608,Berget,Ferrell,Berget.Ferrell@yopmail.com,developer
609,Cyb,Idelia,Cyb.Idelia@yopmail.com,firefighter
610,Layla,Therine,Layla.Therine@yopmail.com,worker
611,Benita,Eiser,Benita.Eiser@yopmail.com,doctor
612,Bernardine,Wittie,Bernardine.Wittie@yopmail.com,doctor
613,Cyb,Estella,Cyb.Estella@yopmail.com,police officer
614,Brandise,Georgy,Brandise.Georgy@yopmail.com,police officer
615,Brooks,Brandice,Brooks.Brandice@yopmail.com,firefighter
616,Lucy,Bryna,Lucy.Bryna@yopmail.com,doctor
617,Leanna,Aloise,Leanna.Aloise@yopmail.com,developer
618,Charissa,Garrison,Charissa.Garrison@yopmail.com,doctor
619,Reeba,Stover,Reeba.Stover@yopmail.com,doctor
620,Roslyn,McLaughlin,Roslyn.McLaughlin@yopmail.com,firefighter
621,Elsie,Imelida,Elsie.Imelida@yopmail.com,doctor
622,Kristan,Kellby,Kristan.Kellby@yopmail.com,worker
623,Christal,Bonilla,Christal.Bonilla@yopmail.com,police officer
624,Miquela,Rona,Miquela.Rona@yopmail.com,police officer
625,Wilma,Holtz,Wilma.Holtz@yopmail.com,doctor
626,Elvira,Carbo,Elvira.Carbo@yopmail.com,police officer
627,Lynea,Monk,Lynea.Monk@yopmail.com,doctor
628,Lizzie,Middleton,Lizzie.Middleton@yopmail.com,worker
629,Sadie,Stoller,Sadie.Stoller@yopmail.com,developer
630,Meghann,Corrine,Meghann.Corrine@yopmail.com,police officer
631,Asia,Jehu,Asia.Jehu@yopmail.com,worker
632,Bernardine,Melleta,Bernardine.Melleta@yopmail.com,worker
633,Arlena,Kauppi,Arlena.Kauppi@yopmail.com,doctor
634,Darlleen,O'Neill,Darlleen.O'Neill@yopmail.com,worker
635,Fanny,Garlinda,Fanny.Garlinda@yopmail.com,police officer
636,Jackie,Torray,Jackie.Torray@yopmail.com,doctor
637,Drucie,Honoria,Drucie.Honoria@yopmail.com,police officer
638,Danika,Nisbet,Danika.Nisbet@yopmail.com,doctor
639,Ebonee,Septima,Ebonee.Septima@yopmail.com,police officer
640,Viki,Donoghue,Viki.Donoghue@yopmail.com,police officer
641,Ellette,Charity,Ellette.Charity@yopmail.com,developer
642,Philis,Dorine,Philis.Dorine@yopmail.com,firefighter
643,Briney,Noman,Briney.Noman@yopmail.com,police officer
644,Lulita,Pillsbury,Lulita.Pillsbury@yopmail.com,doctor
645,Josephine,Himelman,Josephine.Himelman@yopmail.com,police officer
646,Emma,Niccolo,Emma.Niccolo@yopmail.com,developer
647,Janey,Gunn,Janey.Gunn@yopmail.com,doctor
648,Dorothy,Simmonds,Dorothy.Simmonds@yopmail.com,developer
649,Demetris,Amasa,Demetris.Amasa@yopmail.com,worker
650,Hyacinthe,Gower,Hyacinthe.Gower@yopmail.com,worker
651,Stacey,Weinreb,Stacey.Weinreb@yopmail.com,firefighter
652,Mara,Urania,Mara.Urania@yopmail.com,firefighter
653,Aaren,Slifka,Aaren.Slifka@yopmail.com,developer
654,Belva,Si,Belva.Si@yopmail.com,worker
655,Wendi,Corrine,Wendi.Corrine@yopmail.com,worker
656,Neila,Obed,Neila.Obed@yopmail.com,firefighter
657,Ariela,Ricarda,Ariela.Ricarda@yopmail.com,worker
658,Caressa,Hortensia,Caressa.Hortensia@yopmail.com,firefighter
659,Anthia,Allina,Anthia.Allina@yopmail.com,police officer
660,Dacia,Stevy,Dacia.Stevy@yopmail.com,developer
661,Heida,Joeann,Heida.Joeann@yopmail.com,worker
662,Nessie,Blase,Nessie.Blase@yopmail.com,police officer
663,Karolina,Claudine,Karolina.Claudine@yopmail.com,worker
664,Celestyna,Nadia,Celestyna.Nadia@yopmail.com,doctor
665,Roseline,Hubert,Roseline.Hubert@yopmail.com,doctor
666,Dennie,Schlosser,Dennie.Schlosser@yopmail.com,worker
667,Kamilah,Concha,Kamilah.Concha@yopmail.com,worker
668,Krystle,Saree,Krystle.Saree@yopmail.com,firefighter
669,Jacquetta,Flita,Jacquetta.Flita@yopmail.com,developer
670,Melina,Concha,Melina.Concha@yopmail.com,doctor
671,Henriette,Klemperer,Henriette.Klemperer@yopmail.com,firefighter
672,Madeleine,Colp,Madeleine.Colp@yopmail.com,doctor
673,Bee,Khorma,Bee.Khorma@yopmail.com,developer
674,Gusty,Posner,Gusty.Posner@yopmail.com,developer
675,Lucille,Stacy,Lucille.Stacy@yopmail.com,police officer
676,Deane,Rodmann,Deane.Rodmann@yopmail.com,firefighter
677,Layla,Hilbert,Layla.Hilbert@yopmail.com,doctor
678,Debee,Brotherson,Debee.Brotherson@yopmail.com,police officer
679,Jobi,Joeann,Jobi.Joeann@yopmail.com,developer
680,Renae,Raychel,Renae.Raychel@yopmail.com,firefighter
681,Sean,Libna,Sean.Libna@yopmail.com,developer
682,Coral,Sprage,Coral.Sprage@yopmail.com,firefighter
683,Ada,Sothena,Ada.Sothena@yopmail.com,firefighter
684,Carol-Jean,Emanuel,Carol-Jean.Emanuel@yopmail.com,police officer
685,Gaylene,Michella,Gaylene.Michella@yopmail.com,firefighter
686,Meg,Medrek,Meg.Medrek@yopmail.com,developer
687,Yolane,Erich,Yolane.Erich@yopmail.com,developer
688,Katuscha,Verger,Katuscha.Verger@yopmail.com,doctor
689,Rani,Sabella,Rani.Sabella@yopmail.com,firefighter
690,Felice,Prober,Felice.Prober@yopmail.com,worker
691,Letizia,Prober,Letizia.Prober@yopmail.com,developer
692,Sidoney,Brodench,Sidoney.Brodench@yopmail.com,worker
693,Mathilda,Baptlsta,Mathilda.Baptlsta@yopmail.com,doctor
694,Elora,Palocz,Elora.Palocz@yopmail.com,developer
695,Ruthe,Tarrant,Ruthe.Tarrant@yopmail.com,doctor
696,Marcy,Hebner,Marcy.Hebner@yopmail.com,developer
697,Morganica,Miru,Morganica.Miru@yopmail.com,doctor
698,Zia,Joli,Zia.Joli@yopmail.com,firefighter
699,Mallory,Ventre,Mallory.Ventre@yopmail.com,developer
700,Ellette,Isacco,Ellette.Isacco@yopmail.com,police officer
701,Marti,Poll,Marti.Poll@yopmail.com,police officer
702,Lilith,Bryna,Lilith.Bryna@yopmail.com,firefighter
703,Vere,Euridice,Vere.Euridice@yopmail.com,worker
704,Kaia,Valerio,Kaia.Valerio@yopmail.com,worker
705,Corly,Ilka,Corly.Ilka@yopmail.com,worker
706,Edyth,Cloris,Edyth.Cloris@yopmail.com,worker
707,Rhoda,Gwenore,Rhoda.Gwenore@yopmail.com,firefighter
708,Merle,Clara,Merle.Clara@yopmail.com,doctor
709,Annabela,Rhu,Annabela.Rhu@yopmail.com,police officer
710,Marcy,Carlson,Marcy.Carlson@yopmail.com,developer
711,Clary,Pernick,Clary.Pernick@yopmail.com,doctor
712,Vita,Brittani,Vita.Brittani@yopmail.com,firefighter
713,Gilligan,Medrek,Gilligan.Medrek@yopmail.com,worker
714,Giustina,Brodench,Giustina.Brodench@yopmail.com,police officer
715,Aimil,Maurine,Aimil.Maurine@yopmail.com,doctor
716,Penelopa,Rosalba,Penelopa.Rosalba@yopmail.com,firefighter
717,Cassandra,Chauncey,Cassandra.Chauncey@yopmail.com,doctor
718,Celene,Dyche,Celene.Dyche@yopmail.com,police officer
719,Larine,Philipp,Larine.Philipp@yopmail.com,doctor
720,Charlena,My,Charlena.My@yopmail.com,police officer
721,Georgetta,Solitta,Georgetta.Solitta@yopmail.com,developer
722,Alex,McGrody,Alex.McGrody@yopmail.com,worker
723,Augustine,Abram,Augustine.Abram@yopmail.com,doctor
724,Feliza,Whittaker,Feliza.Whittaker@yopmail.com,developer
725,Laure,Georas,Laure.Georas@yopmail.com,doctor
726,Fidelia,Viddah,Fidelia.Viddah@yopmail.com,developer
727,Mary,Eno,Mary.Eno@yopmail.com,developer
728,Arlena,Suzetta,Arlena.Suzetta@yopmail.com,developer
729,Sara-Ann,Sharl,Sara-Ann.Sharl@yopmail.com,worker
730,Edee,Schlosser,Edee.Schlosser@yopmail.com,police officer
731,Cristabel,Dorcy,Cristabel.Dorcy@yopmail.com,police officer
732,Georgina,Pelagias,Georgina.Pelagias@yopmail.com,police officer
733,Fredericka,Maribeth,Fredericka.Maribeth@yopmail.com,worker
734,Kary,Swanhildas,Kary.Swanhildas@yopmail.com,police officer
735,Donetta,McLaughlin,Donetta.McLaughlin@yopmail.com,worker
736,Jennica,Terrence,Jennica.Terrence@yopmail.com,worker
737,Blondelle,Wiener,Blondelle.Wiener@yopmail.com,worker
738,Marsiella,Ardeha,Marsiella.Ardeha@yopmail.com,doctor
739,Jere,Clywd,Jere.Clywd@yopmail.com,doctor
740,Minda,Ietta,Minda.Ietta@yopmail.com,firefighter
741,Tomasina,Sawtelle,Tomasina.Sawtelle@yopmail.com,firefighter
742,Lory,Tippets,Lory.Tippets@yopmail.com,developer
743,Zia,Juliet,Zia.Juliet@yopmail.com,firefighter
744,Ann-Marie,Gregrory,Ann-Marie.Gregrory@yopmail.com,firefighter
745,Leontine,Douglass,Leontine.Douglass@yopmail.com,firefighter
746,Adele,Junie,Adele.Junie@yopmail.com,developer
747,Mahalia,Stav,Mahalia.Stav@yopmail.com,developer
748,Anestassia,Lilas,Anestassia.Lilas@yopmail.com,developer
749,Lusa,Zetta,Lusa.Zetta@yopmail.com,firefighter
750,Chloris,Gavrila,Chloris.Gavrila@yopmail.com,developer
751,Marsiella,Hepsibah,Marsiella.Hepsibah@yopmail.com,developer
752,Lita,Michella,Lita.Michella@yopmail.com,developer
753,Ardenia,Tarrant,Ardenia.Tarrant@yopmail.com,developer
754,Augustine,O'Rourke,Augustine.O'Rourke@yopmail.com,doctor
755,Dale,Sibyls,Dale.Sibyls@yopmail.com,firefighter
756,Maisey,Isacco,Maisey.Isacco@yopmail.com,police officer
757,Korrie,Fiann,Korrie.Fiann@yopmail.com,worker
758,Lita,Lindemann,Lita.Lindemann@yopmail.com,firefighter
759,Emylee,Arley,Emylee.Arley@yopmail.com,firefighter
760,Barbi,Sheedy,Barbi.Sheedy@yopmail.com,firefighter
761,Millie,Deegan,Millie.Deegan@yopmail.com,doctor
762,Daryl,Kathie,Daryl.Kathie@yopmail.com,worker
763,Karena,Abbot,Karena.Abbot@yopmail.com,firefighter
764,Glynnis,Huggins,Glynnis.Huggins@yopmail.com,developer
765,Lenna,Charity,Lenna.Charity@yopmail.com,doctor
766,Lizzie,Kaete,Lizzie.Kaete@yopmail.com,developer
767,Mallory,Gladstone,Mallory.Gladstone@yopmail.com,worker
768,Halette,Tiffa,Halette.Tiffa@yopmail.com,firefighter
769,Mildrid,Chandler,Mildrid.Chandler@yopmail.com,worker
770,Barbara,Leonard,Barbara.Leonard@yopmail.com,police officer
771,Joy,Bigner,Joy.Bigner@yopmail.com,firefighter
772,Sheelagh,Chobot,Sheelagh.Chobot@yopmail.com,developer
773,Kathi,Kaja,Kathi.Kaja@yopmail.com,developer
774,Belva,Teryn,Belva.Teryn@yopmail.com,police officer
775,Layla,Rillings,Layla.Rillings@yopmail.com,developer
776,Coral,Nahum,Coral.Nahum@yopmail.com,developer
777,Tani,Darrell,Tani.Darrell@yopmail.com,developer
778,Kaia,Rurik,Kaia.Rurik@yopmail.com,developer
779,Kathi,Malina,Kathi.Malina@yopmail.com,police officer
780,Karolina,Jarib,Karolina.Jarib@yopmail.com,worker
781,Roseline,Libna,Roseline.Libna@yopmail.com,firefighter
782,Lucy,Bohlin,Lucy.Bohlin@yopmail.com,developer
783,Merci,Deny,Merci.Deny@yopmail.com,firefighter
784,Cathyleen,Cecile,Cathyleen.Cecile@yopmail.com,police officer
785,Dianemarie,Gahl,Dianemarie.Gahl@yopmail.com,firefighter
786,Philis,Leffen,Philis.Leffen@yopmail.com,developer
787,Feliza,Weaks,Feliza.Weaks@yopmail.com,worker
788,Linet,Blisse,Linet.Blisse@yopmail.com,worker
789,Paule,Chapland,Paule.Chapland@yopmail.com,worker
790,Eugine,Obed,Eugine.Obed@yopmail.com,developer
791,Diena,Larochelle,Diena.Larochelle@yopmail.com,worker
792,Natka,Ambrosia,Natka.Ambrosia@yopmail.com,police officer
793,Sharai,Deny,Sharai.Deny@yopmail.com,police officer
794,Janey,Drus,Janey.Drus@yopmail.com,firefighter
795,Daune,Marisa,Daune.Marisa@yopmail.com,firefighter
796,Joceline,Greyson,Joceline.Greyson@yopmail.com,worker
797,Agnese,Tryck,Agnese.Tryck@yopmail.com,police officer
798,Abbie,Cottle,Abbie.Cottle@yopmail.com,doctor
799,Suzette,Fink,Suzette.Fink@yopmail.com,police officer
800,Winifred,Munn,Winifred.Munn@yopmail.com,developer
801,Bettine,Ogren,Bettine.Ogren@yopmail.com,police officer
802,Heida,Sammons,Heida.Sammons@yopmail.com,doctor
803,Valera,Sundin,Valera.Sundin@yopmail.com,firefighter
804,Correy,Lalitta,Correy.Lalitta@yopmail.com,firefighter
805,Kelly,Dorothy,Kelly.Dorothy@yopmail.com,worker
806,Nataline,Elephus,Nataline.Elephus@yopmail.com,firefighter
807,Molli,Felizio,Molli.Felizio@yopmail.com,police officer
808,Bernardine,Vary,Bernardine.Vary@yopmail.com,police officer
809,Chastity,Berne,Chastity.Berne@yopmail.com,police officer
810,Fidelia,Elbertina,Fidelia.Elbertina@yopmail.com,firefighter
811,Andree,Mendez,Andree.Mendez@yopmail.com,worker
812,Sadie,Munn,Sadie.Munn@yopmail.com,worker
813,Meg,Kermit,Meg.Kermit@yopmail.com,developer
814,Talya,Sundin,Talya.Sundin@yopmail.com,police officer
815,Donetta,Kolnick,Donetta.Kolnick@yopmail.com,police officer
816,Orsola,Daveta,Orsola.Daveta@yopmail.com,firefighter
817,Philis,Valerio,Philis.Valerio@yopmail.com,developer
818,Aryn,Felizio,Aryn.Felizio@yopmail.com,police officer
819,Ricky,Taima,Ricky.Taima@yopmail.com,firefighter
820,Ronna,Jacinda,Ronna.Jacinda@yopmail.com,worker
821,Joleen,Kazimir,Joleen.Kazimir@yopmail.com,developer
822,Kate,Wilona,Kate.Wilona@yopmail.com,doctor
823,Justinn,Stevy,Justinn.Stevy@yopmail.com,police officer
824,Gusty,Othilia,Gusty.Othilia@yopmail.com,worker
825,Sibella,Dorcy,Sibella.Dorcy@yopmail.com,worker
826,Ebonee,McAdams,Ebonee.McAdams@yopmail.com,worker
827,Amara,Miru,Amara.Miru@yopmail.com,doctor
828,Sybille,Center,Sybille.Center@yopmail.com,doctor
829,Candi,Ogren,Candi.Ogren@yopmail.com,worker
830,Teriann,Rosalba,Teriann.Rosalba@yopmail.com,police officer
831,Gretal,Cynar,Gretal.Cynar@yopmail.com,developer
832,Lorenza,Lory,Lorenza.Lory@yopmail.com,police officer
833,Nannie,Atcliffe,Nannie.Atcliffe@yopmail.com,worker
834,Elka,Linskey,Elka.Linskey@yopmail.com,police officer
835,Mathilda,Trinetta,Mathilda.Trinetta@yopmail.com,developer
836,Janey,Ferrell,Janey.Ferrell@yopmail.com,doctor
837,Fina,Wilkinson,Fina.Wilkinson@yopmail.com,firefighter
838,Teriann,Moina,Teriann.Moina@yopmail.com,doctor
839,Nonnah,Burch,Nonnah.Burch@yopmail.com,worker
840,Margalo,Kermit,Margalo.Kermit@yopmail.com,firefighter
841,Dorthy,Constancy,Dorthy.Constancy@yopmail.com,developer
842,Bertine,Oneida,Bertine.Oneida@yopmail.com,doctor
843,Roberta,Havens,Roberta.Havens@yopmail.com,worker
844,Roxane,Grimbly,Roxane.Grimbly@yopmail.com,firefighter
845,Melanie,Penelopa,Melanie.Penelopa@yopmail.com,worker
846,Rori,Wildermuth,Rori.Wildermuth@yopmail.com,worker
847,Misha,Rheingold,Misha.Rheingold@yopmail.com,developer
848,Deedee,Krystle,Deedee.Krystle@yopmail.com,worker
849,Dorene,Tremayne,Dorene.Tremayne@yopmail.com,police officer
850,Cyb,Odell,Cyb.Odell@yopmail.com,worker
851,Danika,Morrill,Danika.Morrill@yopmail.com,developer
852,Jere,Stephie,Jere.Stephie@yopmail.com,doctor
853,Verla,Beniamino,Verla.Beniamino@yopmail.com,developer
854,Elvira,Norvol,Elvira.Norvol@yopmail.com,worker
855,Esmeralda,Uird,Esmeralda.Uird@yopmail.com,worker
856,Phedra,Joni,Phedra.Joni@yopmail.com,worker
857,Raina,Melleta,Raina.Melleta@yopmail.com,police officer
858,Ardys,Meter,Ardys.Meter@yopmail.com,doctor
859,Sidoney,Felecia,Sidoney.Felecia@yopmail.com,worker
860,Winny,Diann,Winny.Diann@yopmail.com,developer
861,Arabel,Stanwood,Arabel.Stanwood@yopmail.com,police officer
862,Bobbi,Lilas,Bobbi.Lilas@yopmail.com,police officer
863,Helsa,Raul,Helsa.Raul@yopmail.com,firefighter
864,Jasmina,Tice,Jasmina.Tice@yopmail.com,doctor
865,Kristina,Stav,Kristina.Stav@yopmail.com,developer
866,Cam,Jerold,Cam.Jerold@yopmail.com,developer
867,Tori,Elo,Tori.Elo@yopmail.com,firefighter
868,Constance,Aurelio,Constance.Aurelio@yopmail.com,worker
869,Moyna,Goth,Moyna.Goth@yopmail.com,developer
870,Sean,Morrill,Sean.Morrill@yopmail.com,worker
871,Kimmy,Evangelia,Kimmy.Evangelia@yopmail.com,doctor
872,Basia,Faso,Basia.Faso@yopmail.com,worker
873,Deirdre,Rheingold,Deirdre.Rheingold@yopmail.com,worker
874,Juliane,Isacco,Juliane.Isacco@yopmail.com,doctor
875,Dari,Ehrman,Dari.Ehrman@yopmail.com,police officer
876,Therine,Arne,Therine.Arne@yopmail.com,doctor
877,Bernardine,Alrich,Bernardine.Alrich@yopmail.com,worker
878,Christal,Gahl,Christal.Gahl@yopmail.com,worker
879,Debee,Sancho,Debee.Sancho@yopmail.com,developer
880,Henriette,Khorma,Henriette.Khorma@yopmail.com,firefighter
881,Felice,Maples,Felice.Maples@yopmail.com,developer
882,Nonnah,Jammal,Nonnah.Jammal@yopmail.com,developer
883,Marinna,Reinke,Marinna.Reinke@yopmail.com,doctor
884,Coral,Garrison,Coral.Garrison@yopmail.com,police officer
885,Lonnie,Danby,Lonnie.Danby@yopmail.com,worker
886,Rosabelle,Lemuela,Rosabelle.Lemuela@yopmail.com,worker
887,Genovera,Narton,Genovera.Narton@yopmail.com,police officer
888,Rosene,Salvidor,Rosene.Salvidor@yopmail.com,firefighter
889,Jemie,Hutchison,Jemie.Hutchison@yopmail.com,worker
890,Pierette,Virgin,Pierette.Virgin@yopmail.com,police officer
891,Tracey,Klotz,Tracey.Klotz@yopmail.com,worker
892,Camile,Shaver,Camile.Shaver@yopmail.com,police officer
893,Kimmy,Sparhawk,Kimmy.Sparhawk@yopmail.com,firefighter
894,Darlleen,Wildermuth,Darlleen.Wildermuth@yopmail.com,police officer
895,Augustine,Stephie,Augustine.Stephie@yopmail.com,firefighter
896,Henriette,Karylin,Henriette.Karylin@yopmail.com,firefighter
897,Melina,Tayib,Melina.Tayib@yopmail.com,police officer
898,Roxane,Garbe,Roxane.Garbe@yopmail.com,worker
899,Rayna,Screens,Rayna.Screens@yopmail.com,doctor
900,Amelia,Hachmin,Amelia.Hachmin@yopmail.com,worker
901,Raquela,Zina,Raquela.Zina@yopmail.com,developer
902,Merci,Ader,Merci.Ader@yopmail.com,developer
903,Yolane,Meli,Yolane.Meli@yopmail.com,developer
904,Lulita,Kevon,Lulita.Kevon@yopmail.com,firefighter
905,Devina,Sawtelle,Devina.Sawtelle@yopmail.com,worker
906,Margette,Schonfeld,Margette.Schonfeld@yopmail.com,firefighter
907,Mallory,Silvan,Mallory.Silvan@yopmail.com,developer
908,Sheelagh,Klotz,Sheelagh.Klotz@yopmail.com,doctor
909,Stacey,Corabella,Stacey.Corabella@yopmail.com,doctor
910,Eadie,Yerkovich,Eadie.Yerkovich@yopmail.com,doctor
911,Wanda,Gamaliel,Wanda.Gamaliel@yopmail.com,worker
912,Adore,Yorick,Adore.Yorick@yopmail.com,doctor
913,Janeczka,Thornburg,Janeczka.Thornburg@yopmail.com,firefighter
914,Perry,Monk,Perry.Monk@yopmail.com,developer
915,Benita,Aloise,Benita.Aloise@yopmail.com,firefighter
916,Vonny,Kosey,Vonny.Kosey@yopmail.com,firefighter
917,Jsandye,Robertson,Jsandye.Robertson@yopmail.com,doctor
918,Brianna,Vivle,Brianna.Vivle@yopmail.com,firefighter
919,Annecorinne,Faso,Annecorinne.Faso@yopmail.com,doctor
920,Patricia,Marijo,Patricia.Marijo@yopmail.com,doctor
921,Drucie,Read,Drucie.Read@yopmail.com,worker
922,Beth,Alrich,Beth.Alrich@yopmail.com,worker
923,Vita,Kenney,Vita.Kenney@yopmail.com,worker
924,Ayn,Riordan,Ayn.Riordan@yopmail.com,developer
925,Mamie,Kress,Mamie.Kress@yopmail.com,worker
926,Meriel,Lanita,Meriel.Lanita@yopmail.com,doctor
927,Annabela,Rocray,Annabela.Rocray@yopmail.com,worker
928,Therine,Monaco,Therine.Monaco@yopmail.com,developer
929,Kirbee,Lay,Kirbee.Lay@yopmail.com,developer
930,Esmeralda,Gahl,Esmeralda.Gahl@yopmail.com,worker
931,Kelly,Bach,Kelly.Bach@yopmail.com,worker
932,Kenna,Hutchison,Kenna.Hutchison@yopmail.com,developer
933,Gilligan,Ader,Gilligan.Ader@yopmail.com,doctor
934,Dale,Ardeha,Dale.Ardeha@yopmail.com,doctor
935,Eadie,Bandeen,Eadie.Bandeen@yopmail.com,developer
936,Roberta,Killigrew,Roberta.Killigrew@yopmail.com,doctor
937,Ariela,Ellerey,Ariela.Ellerey@yopmail.com,firefighter
938,Catharine,Lanita,Catharine.Lanita@yopmail.com,firefighter
939,Mamie,Friede,Mamie.Friede@yopmail.com,police officer
940,Leona,Japeth,Leona.Japeth@yopmail.com,firefighter
941,Halette,Olin,Halette.Olin@yopmail.com,developer
942,Olivette,Kendrick,Olivette.Kendrick@yopmail.com,firefighter
943,Sidoney,Delacourt,Sidoney.Delacourt@yopmail.com,developer
944,Marinna,Earlie,Marinna.Earlie@yopmail.com,firefighter
945,Camile,Capello,Camile.Capello@yopmail.com,developer
946,Sashenka,Barney,Sashenka.Barney@yopmail.com,worker
947,Julieta,Rodmann,Julieta.Rodmann@yopmail.com,firefighter
948,Dulce,Moina,Dulce.Moina@yopmail.com,worker
949,Marti,Cristi,Marti.Cristi@yopmail.com,police officer
950,Sidoney,Poll,Sidoney.Poll@yopmail.com,worker
951,Sharlene,Marsden,Sharlene.Marsden@yopmail.com,police officer
952,Tani,Dash,Tani.Dash@yopmail.com,firefighter
953,Sam,Mehalek,Sam.Mehalek@yopmail.com,firefighter
954,Laurene,Wilkinson,Laurene.Wilkinson@yopmail.com,doctor
955,Elfreda,Westphal,Elfreda.Westphal@yopmail.com,developer
956,Bobbi,Aida,Bobbi.Aida@yopmail.com,doctor
957,Tani,Vale,Tani.Vale@yopmail.com,developer
958,Iseabal,Ovid,Iseabal.Ovid@yopmail.com,firefighter
959,Cristine,Ephrem,Cristine.Ephrem@yopmail.com,developer
960,Corly,Nea,Corly.Nea@yopmail.com,developer
961,Nadine,Mandler,Nadine.Mandler@yopmail.com,police officer
962,Jennica,Goerke,Jennica.Goerke@yopmail.com,firefighter
963,Fina,Kellby,Fina.Kellby@yopmail.com,developer
964,Aurelie,Riva,Aurelie.Riva@yopmail.com,firefighter
965,Paulita,Gamaliel,Paulita.Gamaliel@yopmail.com,firefighter
966,Minda,McAdams,Minda.McAdams@yopmail.com,police officer
967,Aaren,Sawtelle,Aaren.Sawtelle@yopmail.com,developer
968,Donnie,Isacco,Donnie.Isacco@yopmail.com,firefighter
969,Micheline,Uird,Micheline.Uird@yopmail.com,doctor
970,Angela,Libna,Angela.Libna@yopmail.com,doctor
971,Deane,Zina,Deane.Zina@yopmail.com,developer
972,Ofilia,Radu,Ofilia.Radu@yopmail.com,worker
973,Caritta,Leopold,Caritta.Leopold@yopmail.com,developer
974,Roxane,Neils,Roxane.Neils@yopmail.com,firefighter
975,Elvira,McClimans,Elvira.McClimans@yopmail.com,police officer
976,Karolina,Uund,Karolina.Uund@yopmail.com,firefighter
977,Tina,Tamsky,Tina.Tamsky@yopmail.com,police officer
978,Benita,Means,Benita.Means@yopmail.com,firefighter
979,Henriette,Candy,Henriette.Candy@yopmail.com,firefighter
980,Jinny,Tiffa,Jinny.Tiffa@yopmail.com,firefighter
981,Sashenka,Tjon,Sashenka.Tjon@yopmail.com,firefighter
982,Rosene,Connelly,Rosene.Connelly@yopmail.com,police officer
983,Randa,Adore,Randa.Adore@yopmail.com,firefighter
984,Winny,Federica,Winny.Federica@yopmail.com,police officer
985,Orsola,Tufts,Orsola.Tufts@yopmail.com,worker
986,Ethel,Ezar,Ethel.Ezar@yopmail.com,police officer
987,Elmira,Frendel,Elmira.Frendel@yopmail.com,worker
988,Cecile,Naor,Cecile.Naor@yopmail.com,firefighter
989,Elbertina,Celestine,Elbertina.Celestine@yopmail.com,police officer
990,Peri,Keelia,Peri.Keelia@yopmail.com,police officer
991,Valeda,Atonsah,Valeda.Atonsah@yopmail.com,police officer
992,Andree,Schroth,Andree.Schroth@yopmail.com,police officer
993,Correy,Timon,Correy.Timon@yopmail.com,developer
994,Nonnah,Phi,Nonnah.Phi@yopmail.com,police officer
995,Hettie,Elisha,Hettie.Elisha@yopmail.com,firefighter
996,Kristina,Cath,Kristina.Cath@yopmail.com,doctor
997,Ashlee,Norvol,Ashlee.Norvol@yopmail.com,police officer
998,Marguerite,Willie,Marguerite.Willie@yopmail.com,police officer
999,Allyce,Seagraves,Allyce.Seagraves@yopmail.com,developer
1000,Phedra,Cimbura,Phedra.Cimbura@yopmail.com,doctor
1001,Ardeen,Rosette,Ardeen.Rosette@yopmail.com,doctor
1002,Merle,Bultman,Merle.Bultman@yopmail.com,developer
1003,Oralee,Stefa,Oralee.Stefa@yopmail.com,police officer
1004,Nanete,Lay,Nanete.Lay@yopmail.com,police officer
1005,Renae,Gibbeon,Renae.Gibbeon@yopmail.com,developer
1006,Gaylene,Urias,Gaylene.Urias@yopmail.com,police officer
1007,Yolane,Jefferey,Yolane.Jefferey@yopmail.com,doctor
1008,Josephine,Mozelle,Josephine.Mozelle@yopmail.com,firefighter
1009,Peri,Georgy,Peri.Georgy@yopmail.com,worker
1010,Beth,Pandolfi,Beth.Pandolfi@yopmail.com,doctor
1011,Mathilda,Joachim,Mathilda.Joachim@yopmail.com,developer
1012,Deane,Dearborn,Deane.Dearborn@yopmail.com,firefighter
1013,Beverley,Santoro,Beverley.Santoro@yopmail.com,developer
1014,Miquela,Even,Miquela.Even@yopmail.com,worker
1015,Lanna,Darian,Lanna.Darian@yopmail.com,police officer
1016,Jaime,Annice,Jaime.Annice@yopmail.com,worker
1017,Delilah,Redmond,Delilah.Redmond@yopmail.com,developer
1018,Evaleen,Estella,Evaleen.Estella@yopmail.com,developer
1019,Lynde,Shirberg,Lynde.Shirberg@yopmail.com,developer
1020,Adriana,Saree,Adriana.Saree@yopmail.com,doctor
1021,Eadie,Mitzi,Eadie.Mitzi@yopmail.com,worker
1022,Ruthe,Byrne,Ruthe.Byrne@yopmail.com,firefighter
1023,Fernande,Gavrila,Fernande.Gavrila@yopmail.com,police officer
1024,Brooks,Brieta,Brooks.Brieta@yopmail.com,police officer
1025,Orelia,Hull,Orelia.Hull@yopmail.com,doctor
1026,Calla,Jehu,Calla.Jehu@yopmail.com,doctor
1027,Ebonee,Raychel,Ebonee.Raychel@yopmail.com,police officer
1028,Morganica,Raychel,Morganica.Raychel@yopmail.com,police officer
1029,Netty,Glenden,Netty.Glenden@yopmail.com,worker
1030,Kristina,Weitman,Kristina.Weitman@yopmail.com,firefighter
1031,Averyl,Klotz,Averyl.Klotz@yopmail.com,firefighter
1032,Doralynne,Borrell,Doralynne.Borrell@yopmail.com,firefighter
1033,Minne,Gusella,Minne.Gusella@yopmail.com,developer
1034,Deane,Edison,Deane.Edison@yopmail.com,developer
1035,Siana,Maribeth,Siana.Maribeth@yopmail.com,developer
1036,Clo,Holtz,Clo.Holtz@yopmail.com,doctor
1037,Mara,Kaete,Mara.Kaete@yopmail.com,worker
1038,Audrie,Grosz,Audrie.Grosz@yopmail.com,worker
1039,Berget,Granoff,Berget.Granoff@yopmail.com,worker
1040,Ernesta,Hutchison,Ernesta.Hutchison@yopmail.com,police officer
1041,Jaclyn,Raul,Jaclyn.Raul@yopmail.com,doctor
1042,Rhoda,Naor,Rhoda.Naor@yopmail.com,developer
1043,Marcy,Amethist,Marcy.Amethist@yopmail.com,worker
1044,Ottilie,Gower,Ottilie.Gower@yopmail.com,firefighter
1045,Wilma,Toor,Wilma.Toor@yopmail.com,developer
1046,Corry,Melony,Corry.Melony@yopmail.com,police officer
1047,Almeta,Bobbee,Almeta.Bobbee@yopmail.com,firefighter
1048,Janey,Faust,Janey.Faust@yopmail.com,doctor
1049,Amara,Laverne,Amara.Laverne@yopmail.com,police officer
1050,Gertrud,Rosemary,Gertrud.Rosemary@yopmail.com,police officer
1051,Mary,Abernon,Mary.Abernon@yopmail.com,doctor
1052,Alameda,Phaidra,Alameda.Phaidra@yopmail.com,firefighter
1053,Deane,Wittie,Deane.Wittie@yopmail.com,doctor
1054,Doro,Sekofski,Doro.Sekofski@yopmail.com,police officer
1055,Annecorinne,Maiah,Annecorinne.Maiah@yopmail.com,police officer
1056,Annecorinne,Hathaway,Annecorinne.Hathaway@yopmail.com,developer
1057,Winny,Zina,Winny.Zina@yopmail.com,police officer
1058,Darlleen,Rudolph,Darlleen.Rudolph@yopmail.com,doctor
1059,Cissiee,Lory,Cissiee.Lory@yopmail.com,police officer
1060,Bee,Colyer,Bee.Colyer@yopmail.com,police officer
1061,Renae,Odysseus,Renae.Odysseus@yopmail.com,worker
1062,Devina,Pandolfi,Devina.Pandolfi@yopmail.com,police officer
1063,Ardys,Hunfredo,Ardys.Hunfredo@yopmail.com,firefighter
1064,Brandise,Phaidra,Brandise.Phaidra@yopmail.com,firefighter
1065,Sarette,Thilda,Sarette.Thilda@yopmail.com,police officer
1066,Jacenta,Posner,Jacenta.Posner@yopmail.com,developer
1067,Orelia,Giule,Orelia.Giule@yopmail.com,police officer
1068,Cam,Timon,Cam.Timon@yopmail.com,doctor
1069,Wendi,Yam,Wendi.Yam@yopmail.com,firefighter
1070,Doro,Judye,Doro.Judye@yopmail.com,worker
1071,Minda,Shaddock,Minda.Shaddock@yopmail.com,developer
1072,Layla,Sundin,Layla.Sundin@yopmail.com,police officer
1073,Roseline,Sholley,Roseline.Sholley@yopmail.com,doctor
1074,Queenie,Remmer,Queenie.Remmer@yopmail.com,police officer
1075,Dulcinea,Callista,Dulcinea.Callista@yopmail.com,police officer
1076,Kore,Stevy,Kore.Stevy@yopmail.com,doctor
1077,Kial,Ferino,Kial.Ferino@yopmail.com,developer
1078,Joane,Ivens,Joane.Ivens@yopmail.com,firefighter
1079,Tomasina,Carey,Tomasina.Carey@yopmail.com,developer
1080,Peri,Marcellus,Peri.Marcellus@yopmail.com,developer
1081,Konstance,Evvie,Konstance.Evvie@yopmail.com,worker
1082,Carilyn,Klotz,Carilyn.Klotz@yopmail.com,doctor
1083,Sashenka,Willie,Sashenka.Willie@yopmail.com,police officer
1084,Jobi,Audly,Jobi.Audly@yopmail.com,developer
1085,Marcelline,Anyah,Marcelline.Anyah@yopmail.com,police officer
1086,Sonni,Kaja,Sonni.Kaja@yopmail.com,firefighter
1087,Fernande,Pyle,Fernande.Pyle@yopmail.com,firefighter
1088,Zsa Zsa,Franza,Zsa Zsa.Franza@yopmail.com,worker
1089,Stacey,Saunderson,Stacey.Saunderson@yopmail.com,developer
1090,Berta,Charmine,Berta.Charmine@yopmail.com,doctor
1091,Elena,Marijo,Elena.Marijo@yopmail.com,doctor
1092,Britni,Elbertina,Britni.Elbertina@yopmail.com,developer
1093,Zondra,Pierette,Zondra.Pierette@yopmail.com,firefighter
1094,Mignon,Ehrman,Mignon.Ehrman@yopmail.com,doctor
1095,Di,Sacken,Di.Sacken@yopmail.com,worker
1096,Regina,Iiette,Regina.Iiette@yopmail.com,firefighter
1097,Natka,Yate,Natka.Yate@yopmail.com,police officer
1098,Jorry,Wiener,Jorry.Wiener@yopmail.com,doctor
1099,Berget,Laverne,Berget.Laverne@yopmail.com,firefighter